{
    "ND": 0.08052970840787654,
    "RMSE": 0.5008787888779977,
    "test_loss": 5.516083714155004
}