{
    "ND": 0.08134613654108268,
    "RMSE": 0.5179070847985723,
    "test_loss": 5.524925658079955
}